"from","to","weight","association"
1,2,0.291284200094654,-1
2,3,0.292775842444743,-1
2,4,0.292610523145756,-1
