"index","lable","cluster","degree"
5,"Trueperella",1,0.747524752475248
32,"Aeriscardovia",1,0.727722772277228
81,"Atopococcus",1,0.757425742574257
88,"Weissella",1,0.737623762376238
92,"Anaerococcus",1,0.732673267326733
94,"GW-34",1,0.702970297029703
96,"ph2",1,0.712871287128713
104,"Lactonifactor",1,0.732673267326733
105,"Roseburia",1,0.737623762376238
106,"Bacteria_Firmicutes_Clostridia_Clostridiales_Lachnospiraceae_Ruminococcus",1,0.742574257425743
181,"Succinivibrio",1,0.727722772277228
