"index","lable","cluster","degree"
2,"Arthrobacter",2,0.0202020202020202
4,"Enhydrobacter",2,0.0707070707070707
5,"Elizabethkingia",1,0.0404040404040404
6,"Acinetobacter",1,0.0202020202020202
7,"Rhizobium",1,0.0202020202020202
